{"stats":{"minecraft:killed":{"minecraft:villager":2},"minecraft:custom":{"minecraft:time_since_rest":10307,"minecraft:play_one_minute":10307,"minecraft:crouch_one_cm":144,"minecraft:walk_one_cm":5353,"minecraft:raid_trigger":10,"minecraft:sneak_time":215,"minecraft:mob_kills":2,"minecraft:jump":22,"minecraft:inspect_hopper":1,"minecraft:damage_dealt":360,"minecraft:leave_game":3,"minecraft:walk_on_water_one_cm":114,"minecraft:time_since_death":10307,"minecraft:fly_one_cm":44562},"minecraft:used":{"minecraft:netherrack":1,"minecraft:sticky_piston":2,"minecraft:piston":2,"minecraft:repeater":1,"minecraft:black_stained_glass":1,"minecraft:villager_spawn_egg":2,"minecraft:flint_and_steel":1,"minecraft:iron_block":2,"minecraft:nether_brick_slab":6,"minecraft:composter":2,"minecraft:redstone_block":5,"minecraft:observer":2}},"DataVersion":1976}